Workbook

Sheet Rice
A1: Data Last Updated on: | B1: 22 Jun 2023 (This data may be subject to revisions)
A2: COUNTRY: | B2: World
A3: COMMODITY: | B3: Rice
A4: SOURCE: | B4: USDA-PSD (Distributed by AMIS Statistics)
A6: Supply and Demand Balance
A8: National Marketing Year (NMY): | C8: 2013/14 | D8: 2014/15 | E8: 2015/16 | F8: 2016/17 | G8: 2017/18 | H8: 2018/19 | I8: 2019/20 | J8: 2020/21 | K8: 2021/22 | L8: 2022/23 | M8: 2023/24
A9: Total Supply | B9: Million tonnes | C9: 644.63 | D9: 653.79 | E9: 652.01 | F9: 677.11 | G9: 692.99 | H9: 706.17 | I9: 717.38 | J9: 737.03 | K9: 755.63 | L9: 749.07 | M9: 747.49
A10: Opening Stocks | B10: Million tonnes | C10: 124.08 | D10: 128.94 | E10: 136.48 | F10: 143.47 | G10: 150.77 | H10: 163.64 | I10: 176.61 | J10: 181.51 | K10: 187.19 | L10: 182.37 | M10: 173.49
A11: Production | B11: Million tonnes | C11: 481.47 | D11: 483.14 | E11: 476.84 | F11: 491.98 | G11: 494.95 | H11: 498.25 | I11: 498.23 | J11: 509.08 | K11: 513.95 | L11: 512.53 | M11: 520.49
A12: Imports (NMY) | B12: Million tonnes | C12: 39.09 | D12: 41.71 | E12: 38.69 | F12: 41.66 | G12: 47.26 | H12: 44.28 | I12: 42.54 | J12: 46.45 | K12: 54.49 | L12: 54.18 | M12: 53.5
A13: Total Utilization | B13: Million tonnes | C13: 644.63 | D13: 653.79 | E13: 652.01 | F13: 677.11 | G13: 692.99 | H13: 706.17 | I13: 717.38 | J13: 737.03 | K13: 755.63 | L13: 749.07 | M13: 747.49
A14: Domestic Utilization | B14: Million tonnes | C14: 472.35 | D14: 473.44 | E14: 467.81 | F14: 478.45 | G14: 481.47 | H14: 485.37 | I14: 492.42 | J14: 498.61 | K14: 516.39 | L14: 520.15 | M14: 521.46
A15: Exports (NMY) | B15: Million tonnes | C15: 43.34 | D15: 43.87 | E15: 40.74 | F15: 47.89 | G15: 47.89 | H15: 44.18 | I15: 43.45 | J15: 51.24 | K15: 56.87 | L15: 55.43 | M15: 55.81
A16: Closing Stocks | B16: Million tonnes | C16: 128.94 | D16: 136.48 | E16: 143.47 | F16: 150.77 | G16: 163.64 | H16: 176.61 | I16: 181.51 | J16: 187.19 | K16: 182.37 | L16: 173.49 | M16: 170.21
A17: UNBALANCED | C17: 0 | D17: 0 | E17: 0 | F17: 0 | G17: 0 | H17: 0 | I17: 0 | J17: 0 | K17: 0 | L17: 0 | M17: 0
A19: International Trade Year (ITY): | C19: 2013/14 | D19: 2014/15 | E19: 2015/16 | F19: 2016/17 | G19: 2017/18 | H19: 2018/19 | I19: 2019/20 | J19: 2020/21 | K19: 2021/22 | L19: 2022/23 | M19: 2023/24
A20: Imports (ITY) | B20: Million tonnes | C20: 41.48 | D20: 40.32 | E20: 38.07 | F20: 45.83 | G20: 46.29 | H20: 42.39 | I20: 43.99 | J20: 49.89 | K20: 54.81 | L20: 53.68 | M20: 53.57
A21: Exports (ITY) | B21: Million tonnes | C21: 44.46 | D21: 43.01 | E21: 40.53 | F21: 48.72 | G21: 48.29 | H21: 43.92 | I21: 45.37 | J21: 52.14 | K21: 56.11 | L21: 55.44 | M21: 55.81
A23: Others | C23: 2013/14 | D23: 2014/15 | E23: 2015/16 | F23: 2016/17 | G23: 2017/18 | H23: 2018/19 | I23: 2019/20 | J23: 2020/21 | K23: 2021/22 | L23: 2022/23 | M23: 2023/24
A24: Area Harvested | B24: Million Ha | C24: 163.42 | D24: 163.18 | E24: 161.19 | F24: 164.08 | G24: 163.68 | H24: 163.08 | I24: 161.46 | J24: 164.89 | K24: 165.51 | L24: 165.27 | M24: 166.08
A25: Yield | B25: Tonnes/Ha | C25: 4.4 | D25: 4.42 | E25: 4.41 | F25: 4.48 | G25: 4.51 | H25: 4.56 | I25: 4.61 | J25: 4.61 | K25: 4.64 | L25: 4.63 | M25: 4.68
A26: Extraction Rate | B26: % | C26: 67.02 | D26: 67.03 | E26: 67.04 | F26: 66.96 | G26: 66.98 | H26: 66.98 | I26: 66.97 | J26: 66.97 | K26: 66.97 | L26: 66.95 | M26: 66.96

Sheet Wheat
A1: Data Last Updated on: | B1: 6 Jul 2023 (This data may be subject to revisions)
A2: COUNTRY: | B2: World
A3: COMMODITY: | B3: Wheat
A4: SOURCE: | B4: FAO-AMIS (Distributed by AMIS Statistics)
A6: Supply and Demand Balance
A8: National Marketing Year (NMY): | C8: 2013/14 | D8: 2014/15 | E8: 2015/16 | F8: 2016/17 | G8: 2017/18 | H8: 2018/19 | I8: 2019/20 | J8: 2020/21 | K8: 2021/22 | L8: 2022/23 | M8: 2023/24
A9: Total Supply | B9: Million tonnes | C9: 1053.75 | D9: 1096.05 | E9: 1128.54 | F9: 1183.49 | G9: 1203.88 | H9: 1191.86 | I9: 1215.68 | J9: 1250.55 | K9: 1265.52 | L9: 1297.3 | M9: 1289.19
A10: Opening Stocks | B10: Million tonnes | C10: 185.05 | D10: 199.44 | E10: 228.1 | F10: 242.3 | G10: 266.57 | H10: 289.12 | I10: 274.74 | J10: 286.08 | K10: 294.65 | L10: 294.91 | M10: 311.08
A11: Production | B11: Million tonnes | C11: 715.33 | D11: 735.64 | E11: 737.29 | F11: 763.45 | G11: 761.53 | H11: 731.44 | I11: 759.29 | J11: 775.31 | K11: 778.28 | L11: 801.76 | M11: 783.32
A12: Imports (NMY) | B12: Million tonnes | C12: 153.37 | D12: 160.96 | E12: 163.16 | F12: 177.74 | G12: 175.78 | H12: 171.29 | I12: 181.65 | J12: 189.15 | K12: 192.6 | L12: 200.63 | M12: 195.53
A13: Total Utilization | B13: Million tonnes | C13: 891.9 | D13: 936.76 | E13: 959.69 | F13: 1003.72 | G13: 1027.62 | H13: 1023.96 | I13: 1032.33 | J13: 1056.27 | K13: 1070.25 | L13: 1091.61 | M13: 1096.61
A14: Domestic Utilization | B14: Million tonnes | C14: 692.45 | D14: 708.66 | E14: 717.38 | F14: 737.15 | G14: 738.5 | H14: 749.23 | I14: 746.25 | J14: 761.62 | K14: 775.35 | L14: 780.53 | M14: 782.67
A15: Food Use | B15: Million tonnes | C15: 482.47 | D15: 489.14 | E15: 496.45 | F15: 502.22 | G15: 508.75 | H15: 513.68 | I15: 518.99 | J15: 524.03 | K15: 531.3 | L15: 535.65 | M15: 539.75
A16: Feed Use | B16: Million tonnes | C16: 125.88 | D16: 131.76 | E16: 137.35 | F16: 138.98 | G16: 138.82 | H16: 141.62 | I16: 137.97 | J16: 147.74 | K16: 151.19 | L16: 153.34 | M16: 152.9
A17: Other Uses | B17: Million tonnes | C17: 84.1 | D17: 87.76 | E17: 83.57 | F17: 95.95 | G17: 90.93 | H17: 93.92 | I17: 89.28 | J17: 89.85 | K17: 92.86 | L17: 91.54 | M17: 90.02
A18: Exports (NMY) | B18: Million tonnes | C18: 161.78 | D18: 159.36 | E18: 168.86 | F18: 179.78 | G18: 176.26 | H18: 167.89 | I18: 183.36 | J18: 194.27 | K18: 195.27 | L18: 205.67 | M18: 193.25
A19: Closing Stocks | B19: Million tonnes | C19: 199.44 | D19: 228.1 | E19: 242.3 | F19: 266.57 | G19: 289.12 | H19: 274.74 | I19: 286.08 | J19: 294.65 | K19: 294.91 | L19: 311.08 | M19: 313.94
A20: UNBALANCED | C20: -161.86 | D20: -159.29 | E20: -168.86 | F20: -179.78 | G20: -176.26 | H20: -167.89 | I20: -183.36 | J20: -194.27 | K20: -195.27 | L20: -205.69 | M20: -192.57
A22: International Trade Year (ITY): | C22: 2013/14 | D22: 2014/15 | E22: 2015/16 | F22: 2016/17 | G22: 2017/18 | H22: 2018/19 | I22: 2019/20 | J22: 2020/21 | K22: 2021/22 | L22: 2022/23 | M22: 2023/24
A23: Imports (ITY) | B23: Million tonnes | C23: 155.28 | D23: 157.35 | E23: 163.93 | F23: 177.49 | G23: 174.41 | H23: 170.14 | I23: 183.77 | J23: 187.72 | K23: 196.08 | L23: 202.14 | M23: 195.29
A24: Exports (ITY) | B24: Million tonnes | C24: 159.3 | D24: 156.42 | E24: 167.5 | F24: 177.24 | G24: 177.91 | H24: 169.1 | I24: 183.78 | J24: 189.42 | K24: 195.92 | L24: 202.17 | M24: 195.26
A26: Others | C26: 2013/14 | D26: 2014/15 | E26: 2015/16 | F26: 2016/17 | G26: 2017/18 | H26: 2018/19 | I26: 2019/20 | J26: 2020/21 | K26: 2021/22 | L26: 2022/23 | M26: 2023/24
A27: Population | C27: 6148899 | D27: 6230747 | E27: 6312407.4 | F27: 6393898.4 | G27: 6475751.5 | H27: 6558176.1 | I27: 6641416.2 | J27: 6725948.5 | K27: 6811597.3 | L27: 6898305.9 | M27: 6985603.1
A28: Per Capita Food Use | B28: Kg/Yr | C28: 66.54 | D28: 66.65 | E28: 66.85 | F28: 66.84 | G28: 66.94 | H28: 66.85 | I28: 66.84 | J28: 66.83 | K28: 67.17 | L28: 67.17 | M28: 67.09
A29: Area Harvested | B29: Million Ha | C29: 220.53 | D29: 222.98 | E29: 221.14 | F29: 221.94 | G29: 217.68 | H29: 214.91 | I29: 215.77 | J29: 220.93 | K29: 222.26 | L29: 220.81 | M29: 221.66
A30: Yield | B30: Tonnes/Ha | C30: 3.24 | D30: 3.3 | E30: 3.33 | F30: 3.44 | G30: 3.5 | H30: 3.4 | I30: 3.52 | J30: 3.51 | K30: 3.5 | L30: 3.63 | M30: 3.53

Sheet Prod_kcal
F1: kcal/g
E2: wheat | F2: 3.34
E3: rice | F3: 3.6
A5: Year | B5: =Rice!C8 -> 2013/14 | C5: =Rice!D8 -> 2014/15 | D5: =Rice!E8 -> 2015/16 | E5: =Rice!F8 -> 2016/17 | F5: =Rice!G8 -> 2017/18 | G5: =Rice!H8 -> 2018/19 | H5: =Rice!I8 -> 2019/20 | I5: =Rice!J8 -> 2020/21 | ... L5: =Rice!M8 -> 2023/24
A6: Wheat Production (kcal) | B6: =Wheat!C11*1000000000000*$F$2 -> 2.3892022e+15 | C6: =Wheat!D11*1000000000000*$F$2 -> 2.4570376e+15 | D6: =Wheat!E11*1000000000000*$F$2 -> 2.4625486e+15 | E6: =Wheat!F11*1000000000000*$F$2 -> 2.549923e+15 | F6: =Wheat!G11*1000000000000*$F$2 -> 2.5435102e+15 | G6: =Wheat!H11*1000000000000*$F$2 -> 2.4430096e+15 | H6: =Wheat!I11*1000000000000*$F$2 -> 2.5360286e+15 | I6: =Wheat!J11*1000000000000*$F$2 -> 2.5895354e+15 | ... L6: =Wheat!M11*1000000000000*$F$2 -> 2.6162888e+15
A7: Rice Production (kcal) | B7: =Rice!C11*1000000000000*$F$3 -> 1.733292e+15 | C7: =Rice!D11*1000000000000*$F$3 -> 1.739304e+15 | D7: =Rice!E11*1000000000000*$F$3 -> 1.716624e+15 | E7: =Rice!F11*1000000000000*$F$3 -> 1.771128e+15 | F7: =Rice!G11*1000000000000*$F$3 -> 1.78182e+15 | G7: =Rice!H11*1000000000000*$F$3 -> 1.7937e+15 | H7: =Rice!I11*1000000000000*$F$3 -> 1.793628e+15 | I7: =Rice!J11*1000000000000*$F$3 -> 1.832688e+15 | ... L7: =Rice!M11*1000000000000*$F$3 -> 1.873764e+15
